distribution,votes,rank,title,year
0000000125,1610992.0,9.2,The Shawshank Redemption,1994
0000000125,1103221.0,9.2,The Godfather,1972
0000000124,750894.0,9.0,The Godfather: Part II,1974
0000000124,1586887.0,8.9,The Dark Knight,2008
0000000123,1260525.0,8.9,Pulp Fiction,1994
0000000133,822426.0,8.9,Schindler's List,1993
0000000133,421806.0,8.9,12 Angry Men,1957
0000000124,1158405.0,8.9,The Lord of the Rings: The Return of the King,2003
0000000123,480732.0,8.9,"Il buono, il brutto, il cattivo",1966
0000000133,1278298.0,8.8,Fight Club,1999
0000000123,1182249.0,8.8,The Lord of the Rings: The Fellowship of the Ring,2001
0000000223,790232.0,8.7,Star Wars: Episode V - The Empire Strikes Back,1980
0000000133,1180243.0,8.7,Forrest Gump,1994
0000000123,1388597.0,8.7,Inception,2010
0000000232,649781.0,8.7,One Flew Over the Cuckoo's Nest,1975
0000000123,1046331.0,8.7,The Lord of the Rings: The Two Towers,2002
0000000232,694107.0,8.7,Goodfellas,1990
0000000233,1159338.0,8.7,The Matrix,1999
0000000123,219410.0,8.7,Shichinin no samurai,1954
0000000223,863899.0,8.6,Star Wars,1977
0000000232,510263.0,8.6,Cidade de Deus,2002
0000001232,971459.0,8.6,Se7en,1995
0000001232,838797.0,8.6,The Silence of the Lambs,1991
0000000232,706535.0,8.6,The Usual Suspects,1995
0000001123,263453.0,8.6,It's a Wonderful Life,1946
0000000233,395498.0,8.6,La vita è bella,1997
0000001232,689063.0,8.6,Léon,1994
0000001223,206434.0,8.5,C'era una volta il West,1968
0000000223,392267.0,8.5,Sen to Chihiro no kamikakushi,2001
0000001232,836189.0,8.5,Saving Private Ryan,1998
0000000123,842388.0,8.5,Interstellar,2014
0000001223,371977.0,8.5,Casablanca,1942
0000001232,747514.0,8.5,American History X,1998
0000001222,401249.0,8.5,Psycho,1960
0000000223,101726.0,8.5,City Lights,1931
0000001222,630560.0,8.5,Raiders of the Lost Ark,1981
0000001222,301273.0,8.5,Rear Window,1954
0000000232,469279.0,8.5,Intouchables,2011
0000001222,134149.0,8.5,Modern Times,1936
0000001232,738194.0,8.5,The Green Mile,1999
0000001222,710153.0,8.5,Terminator 2: Judgment Day,1991
0000000124,100529.0,8.5,Deadpool,2016
0000001232,471146.0,8.5,The Pianist,2002
0000001232,829051.0,8.5,The Departed,2006
0000001232,351050.0,8.5,Whiplash,2014
0000001222,691012.0,8.5,Back to the Future,1985
0000001232,807914.0,8.5,Memento,2000
0000001222,934553.0,8.5,Gladiator,2000
0000001222,432023.0,8.5,Apocalypse Now,1979
0000001223,328176.0,8.5,Dr. Strangelove or: How I Learned to Stop Worrying and Love the Bomb,1964
0000001232,798265.0,8.5,The Prestige,2006
0000001222,133075.0,8.4,Sunset Blvd.,1950
0000001223,604954.0,8.4,The Lion King,1994
0000001222,535990.0,8.4,Alien,1979
0000001222,129331.0,8.4,The Great Dictator,1940
0000001232,247476.0,8.4,Das Leben der Anderen,2006
0000001223,143867.0,8.4,Nuovo Cinema Paradiso,1988
0000001232,894838.0,8.4,Django Unchained,2012
0000001222,577674.0,8.4,The Shining,1980
0000001222,114704.0,8.4,Paths of Glory,1957
0000001223,1079966.0,8.4,The Dark Knight Rises,2012
0000001222,677520.0,8.4,WALL·E,2008
0000001223,128737.0,8.4,Hotaru no haka,1988
0000001222,786754.0,8.4,American Beauty,1999
0000001222,466961.0,8.4,Aliens,1986
0000001222,209021.0,8.4,Mononoke-hime,1997
0000001223,285758.0,8.4,Citizen Kane,1941
0000001222,337411.0,8.4,Oldeuboi,2003
0000001222,211427.0,8.4,North by Northwest,1959
0000001222,235814.0,8.4,Vertigo,1958
0000001222,210479.0,8.4,Once Upon a Time in America,1984
0000001222,161287.0,8.4,Das Boot,1981
0000001222,640693.0,8.3,Star Wars: Episode VI - Return of the Jedi,1983
0000001222,510281.0,8.3,Le fabuleux destin d'Amélie Poulain,2001
0000001221,630426.0,8.3,Reservoir Dogs,1992
0000001222,703412.0,8.3,Braveheart,1995
0000001222,547533.0,8.3,Requiem for a Dream,2000
0000001222,530358.0,8.3,A Clockwork Orange,1971
0000001222,480581.0,8.3,Taxi Driver,1976
0000001222,513756.0,8.3,Toy Story 3,2010
0000001222,433061.0,8.3,Star Wars: Episode VII - The Force Awakens,2015
0000001222,203562.0,8.3,To Kill a Mockingbird,1962
0000001222,183467.0,8.3,Lawrence of Arabia,1962
0000001222,634691.0,8.3,Eternal Sunshine of the Spotless Mind,2004
0000001321,460110.0,8.3,Full Metal Jacket,1987
0000001222,258213.0,8.3,Amadeus,1984
0000001222,167368.0,8.3,The Sting,1973
0000001222,142771.0,8.3,Singin' in the Rain,1952
0000001123,405200.0,8.3,2001: A Space Odyssey,1968
0000001222,575535.0,8.3,Snatch.,2000
0000001222,366282.0,8.3,Monty Python and the Holy Grail,1975
0000001322,586857.0,8.3,Toy Story,1995
0000001222,833933.0,8.3,Inglourious Basterds,2009
0000001321,398556.0,8.3,L.A. Confidential,1997
0000001321,148161.0,8.3,Per qualche dollaro in più,1965
0000001222,103868.0,8.3,The Apartment,1960
0000001321,490519.0,8.3,Indiana Jones and the Last Crusade,1989
0000001223,144318.0,8.3,Jodaeiye Nader az Simin,2011
0000001222,106473.0,8.3,Metropolis,1927
0000001222,512451.0,8.3,Scarface,1983
0000001222,270219.0,8.3,Inside Out,2015/I
0000001322,922979.0,8.2,Batman Begins,2005
0000001222,167507.0,8.2,Some Like It Hot,1959
0000001222,108819.0,8.2,The Third Man,1949
0000001221,265189.0,8.2,Unforgiven,1992
0000000124,191120.0,8.2,3 Idiots,2009
0000001331,156502.0,8.2,Jagten,2012
0000001222,623998.0,8.2,Up,2009
0000001321,573062.0,8.2,Good Will Hunting,1997
0000001222,225245.0,8.2,Raging Bull,1980
0000001321,238441.0,8.2,Der Untergang,2004
0000001321,567245.0,8.2,Die Hard,1988
0000001222,206693.0,8.2,Chinatown,1974
0000001322,158133.0,8.2,The Great Escape,1963
0000001222,414118.0,8.2,Heat,1995
0000001222,446611.0,8.2,El laberinto del fauno,2006
0000001222,159591.0,8.2,Tonari no Totoro,1988
0000001321,142078.0,8.2,The Bridge on the River Kwai,1957
0000001222,106525.0,8.2,Det sjunde inseglet,1957
0000001222,442283.0,8.2,Blade Runner,1982
0000001221,122570.0,8.2,El secreto de sus ojos,2009
0000001321,398717.0,8.2,"Lock, Stock and Two Smoking Barrels",1998
0000001321,317947.0,8.2,Casino,1995
0000001321,155391.0,8.2,The Elephant Man,1980
0000001222,200880.0,8.2,Hauru no ugoku shiro,2004
0000001222,230115.0,8.2,The Revenant,2015
0000001222,315522.0,8.2,Warrior,2011
0000001222,716968.0,8.2,The Wolf of Wall Street,2013
0000001222,754530.0,8.2,V for Vendetta,2005
0000001321,577004.0,8.1,A Beautiful Mind,2001
0000001321,538615.0,8.1,Gran Torino,2008
0000001222,511212.0,8.1,The Big Lebowski,1998
0000001221,223034.0,8.1,The Deer Hunter,1978
0000001213,205875.0,8.1,Gone with the Wind,1939
0000001321,115128.0,8.1,Cool Hand Luke,1967
0000001321,431794.0,8.1,Fargo,1996
0000001322,457100.0,8.1,How to Train Your Dragon,2010
0000001321,448963.0,8.1,Trainspotting,1996
0000001321,100615.0,8.1,Dial M for Murder,1954
0000001321,674747.0,8.1,The Sixth Sense,1999
0000001222,404761.0,8.1,Into the Wild,2007
0000001321,647745.0,8.1,Finding Nemo,2003
0000001222,245032.0,8.1,The Thing,1982
0000001221,582872.0,8.1,No Country for Old Men,2007
0000001321,524787.0,8.1,Gone Girl,2014
0000001222,112505.0,8.1,Mary and Max,2009
0000001222,455881.0,8.1,Mad Max: Fury Road,2015
0000001221,700511.0,8.1,Kill Bill: Vol. 1,2003
0000001321,292350.0,8.1,Rush,2013/I
0000001222,108149.0,8.1,The Maltese Falcon,1941
0000001222,260132.0,8.1,Life of Brian,1979
0000001321,253687.0,8.1,Hotel Rwanda,2004
0000001321,279647.0,8.1,Platoon,1986
0000001222,355978.0,8.1,There Will Be Blood,2007
0000001321,144909.0,8.1,Butch Cassidy and the Sundance Kid,1969
0000001321,258957.0,8.1,Stand by Me,1986
0000001321,407264.0,8.1,12 Years a Slave,2013
0000001222,280988.0,8.1,The Princess Bride,1987
0000001321,435307.0,8.1,The Grand Budapest Hotel,2014
0000001321,103538.0,8.1,In the Name of the Father,1993
0000001321,166596.0,8.1,Amores perros,2000
0000001321,738727.0,8.1,Shutter Island,2010
0000001321,459882.0,8.1,Million Dollar Baby,2004
0000001222,183260.0,8.1,Annie Hall,1977
0000001222,152204.0,8.1,Ben-Hur,1959
0000001222,141827.0,8.1,Hachi: A Dog's Tale,2009
0000001321,574866.0,8.0,Jurassic Park,1993
0000001321,163715.0,8.0,Gandhi,1982
0000001321,465636.0,8.0,The Bourne Ultimatum,2007
0000001222,556441.0,8.0,Donnie Darko,2001
0000001321,345073.0,8.0,The Martian,2015
0000001212,278597.0,8.0,The Wizard of Oz,1939
0000001222,172906.0,8.0,Before Sunrise,1995
0000001222,633808.0,8.0,Sin City,2005
0000001321,570947.0,8.0,The Terminator,1984
0000001321,352714.0,8.0,Rocky,1976
0000001321,632504.0,8.0,The Truman Show,1998
0000001321,443566.0,8.0,Twelve Monkeys,1995
0000001321,415321.0,8.0,Groundhog Day,1993
0000001321,550050.0,8.0,"Monsters, Inc.",2001
0000001222,511467.0,8.0,Harry Potter and the Deathly Hallows: Part 2,2011
0000001211,392515.0,8.0,Jaws,1975
0000001222,933861.0,8.0,The Avengers,2012
0000001321,174874.0,8.0,Dog Day Afternoon,1975
0000001321,355594.0,8.0,Prisoners,2013
0000001321,154679.0,8.0,Yip Man,2008
0000001321,414895.0,8.0,The Imitation Game,2014
0000001321,476572.0,8.0,The King's Speech,2010
0000001222,614407.0,8.0,Guardians of the Galaxy,2014
0000001321,772709.0,8.0,Pirates of the Caribbean: The Curse of the Black Pearl,2003
0000001321,137738.0,8.0,Per un pugno di dollari,1964
0000001321,303909.0,8.0,The Help,2011
0000001321,481930.0,8.0,Catch Me If You Can,2002
0000001212,291709.0,8.0,Beauty and the Beast,1991
0000001222,160456.0,8.0,Before Sunset,2004
0000000124,141528.0,8.4,"""24""",2001
0000001212,126552.0,7.5,"""Agents of S.H.I.E.L.D.""",2013
0000001223,183244.0,8.3,"""American Horror Story""",2011
0000000125,202274.0,9.0,"""Arrested Development""",2003
0000001123,274619.0,8.1,"""Arrow""",2012
0000000026,120895.0,9.2,"""Avatar: The Last Airbender""",2005
0000000017,208859.0,9.6,"""Band of Brothers""",2001
0000000124,115718.0,8.8,"""Battlestar Galactica""",2004
0000000133,121928.0,8.8,"""Better Call Saul""",2015
0000000233,129846.0,8.6,"""Boardwalk Empire""",2010
0000001213,105882.0,8.0,"""Bones""",2005
0000000016,810235.0,9.5,"""Breaking Bad""",2008
0000001223,142703.0,8.4,"""Californication""",2007
0000001223,113418.0,8.2,"""Castle""",2009
0000001124,105809.0,8.2,"""Chuck""",2007
0000000123,138447.0,8.6,"""Community""",2009
0000001223,104076.0,8.2,"""Criminal Minds""",2005
0000000134,160144.0,8.8,"""Daredevil""",2015
0000000124,473726.0,8.8,"""Dexter""",2006
0000000125,141581.0,8.8,"""Doctor Who""",2005
0000000124,104666.0,8.7,"""Downton Abbey""",2010
0000000124,130968.0,8.6,"""Entourage""",2004
0000000123,229072.0,8.3,"""Family Guy""",1999
0000000134,146645.0,9.1,"""Fargo""",2014
0000000125,178286.0,9.1,"""Firefly""",2002
0000000125,444013.0,9.0,"""Friends""",1994
0000000123,171259.0,8.5,"""Fringe""",2008
0000001123,143658.0,8.6,"""Futurama""",1999
0000000016,914980.0,9.5,"""Game of Thrones""",2011
0000001113,114745.0,6.7,"""Glee""",2009
0000001113,110549.0,7.4,"""Gossip Girl""",2007
0000001222,114570.0,8.0,"""Gotham""",2014
0000001113,152901.0,7.7,"""Grey's Anatomy""",2005
0000000123,149867.0,8.6,"""Hannibal""",2013
0000001212,197170.0,7.7,"""Heroes""",2006/II
0000000232,216581.0,8.4,"""Homeland""",2011
0000000124,289902.0,8.8,"""House M.D.""",2004
0000000134,272791.0,9.0,"""House of Cards""",2013
0000000123,430013.0,8.4,"""How I Met Your Mother""",2005
0000000124,126256.0,8.8,"""It's Always Sunny in Philadelphia""",2005
0000000124,359714.0,8.5,"""Lost""",2004
0000000123,136420.0,8.7,"""Mad Men""",2007
0000000123,229814.0,8.6,"""Modern Family""",2009
0000000124,119196.0,8.9,"""Mr. Robot""",2015
0000001212,130678.0,7.8,"""New Girl""",2011
0000001113,159872.0,8.0,"""Once Upon a Time""",2011
0000001222,169499.0,8.3,"""Orange Is the New Black""",2013
0000000123,111897.0,8.6,"""Parks and Recreation""",2009
0000000123,113118.0,8.4,"""Person of Interest""",2011
0000001114,108461.0,7.8,"""Pretty Little Liars""",2010
0000000124,305746.0,8.5,"""Prison Break""",2005
0000000134,106866.0,8.9,"""Rome""",2005
0000000124,185175.0,8.4,"""Scrubs""",2001
0000000125,162947.0,8.9,"""Seinfeld""",1989
0000000025,462515.0,9.3,"""Sherlock""",2010
0000000124,169725.0,8.6,"""Sons of Anarchy""",2008
0000000124,225974.0,8.8,"""South Park""",1997
0000000124,165109.0,8.6,"""Spartacus: Blood and Sand""",2010
0000000134,221614.0,8.7,"""Suits""",2011
0000000115,267506.0,8.6,"""Supernatural""",2005
0000001222,110085.0,8.1,"""That '70s Show""",1998
0000000123,505789.0,8.4,"""The Big Bang Theory""",2007
0000001223,146396.0,8.2,"""The Flash""",2014
0000001223,127331.0,8.1,"""The Mentalist""",2008
0000000124,188759.0,8.8,"""The Office""",2005
0000000124,250143.0,8.8,"""The Simpsons""",1989
0000000025,178827.0,9.2,"""The Sopranos""",1999
0000000114,209833.0,7.9,"""The Vampire Diaries""",2009
0000000124,588934.0,8.6,"""The Walking Dead""",2010
0000000016,177742.0,9.4,"""The Wire""",2002
0000000123,136297.0,8.7,"""The X Files""",1993
0000001213,199527.0,8.0,"""True Blood""",2008
0000000125,303486.0,9.1,"""True Detective""",2014
0000000124,102932.0,8.9,"""Twin Peaks""",1990
0000001112,190946.0,7.1,"""Two and a Half Men""",2003
0000000133,163813.0,8.6,"""Vikings""",2013
0000002311,361385.0,7.8,(500) Days of Summer,2009
0000012211,211996.0,7.2,10 Things I Hate About You,1999
0001111000,106190.0,5.1,"10,000 BC",2008
0000002311,268073.0,7.6,127 Hours,2010
0000122100,116619.0,6.1,13 Going on 30,2004
0000012100,203009.0,6.8,1408,2007
0000023100,110619.0,6.6,16 Blocks,2006
0000122100,141142.0,6.4,17 Again,2009
0000121000,182523.0,5.8,2 Fast 2 Furious,2003
0000023100,150439.0,6.7,2 Guns,2013
0000121100,271825.0,5.8,2012,2009/I
0000023100,186744.0,6.8,21,2008
0000002311,183962.0,7.7,21 Grams,2003
0000012211,390104.0,7.2,21 Jump Street,2012
0000012211,240319.0,7.1,22 Jump Street,2014
0000002311,146592.0,7.7,25th Hour,2002
0000122100,119077.0,6.1,27 Dresses,2008
0000002311,285582.0,7.6,28 Days Later...,2002
0000013200,204912.0,7.0,28 Weeks Later,2007
0000000124,191120.0,8.4,3 Idiots,2009
0000122100,134188.0,6.6,30 Days of Night,2007
0000001212,586077.0,7.7,300,2006
0000122100,213984.0,6.3,300: Rise of an Empire,2014
0000002311,230703.0,7.8,3:10 to Yuma,2007
0000122100,112265.0,6.3,47 Ronin,2013
0001221000,205269.0,5.6,4: Rise of the Silver Surfer,2007
0000012100,256811.0,6.8,50 First Dates,2004
0000002311,262228.0,7.7,50/50,2011
0000013201,176964.0,7.0,8 Mile,2002
0000122100,102334.0,6.5,8MM,1999
0000013210,107479.0,7.1,9,2009/I
0000001321,577004.0,8.2,A Beautiful Mind,2001
0000013200,202494.0,7.2,A Bug's Life,1998
0000001212,103769.0,8.1,A Christmas Story,1983
0000001222,530358.0,8.4,A Clockwork Orange,1971
0000002311,176036.0,7.6,A Few Good Men,1992
0000002311,105586.0,7.6,A Fish Called Wanda,1988
0001221000,160154.0,5.3,A Good Day to Die Hard,2013
0000012310,181420.0,7.5,A History of Violence,2005
0000012201,132431.0,6.9,A Knight's Tale,2001
0000122100,129220.0,6.1,A Million Ways to Die in the West,2014
0000012211,142583.0,7.5,A Nightmare on Elm Street,1984
0000011212,156828.0,7.4,A Walk to Remember,2002
0001121000,138426.0,5.6,AVP: Alien vs. Predator,2004
0000012210,105510.0,7.2,About Schmidt,2002
0000001311,188238.0,7.8,About Time,2013/I
0000013210,140852.0,7.1,About a Boy,2002
0000122100,125118.0,5.9,Abraham Lincoln: Vampire Hunter,2012
0000122100,102871.0,6.5,Accepted,2006
0000013100,208053.0,6.9,Ace Ventura: Pet Detective,1994
0000122100,154308.0,6.3,Ace Ventura: When Nature Calls,1995
0000001211,138867.0,7.7,Adaptation.,2002
0000013100,126276.0,6.8,Adventureland,2009
0001111000,153367.0,4.9,After Earth,2013
0000122100,141357.0,6.4,Air Force One,1997
0000002211,153927.0,7.8,Airplane!,1980
0000001311,247275.0,8.0,Aladdin,1992
0001121000,135711.0,5.5,Alexander,2004
0000122100,290694.0,6.5,Alice in Wonderland,2010/I
0000001222,535990.0,8.5,Alien,1979
0000122100,162971.0,6.3,Alien: Resurrection,1997
0000122100,198684.0,6.4,Alien³,1992
0000001211,200117.0,7.9,Almost Famous,2000
0000132000,104177.0,5.9,Along Came Polly,2004
0000002311,316741.0,7.8,American Gangster,2007
0000001232,747514.0,8.6,American History X,1998
0000012210,344007.0,7.3,American Hustle,2013
0000013200,306871.0,7.0,American Pie,1999
0000122100,194261.0,6.4,American Pie 2,2001
0000002311,341403.0,7.6,American Psycho,2000
0000012101,167419.0,6.7,American Reunion,2012
0000012211,300088.0,7.3,American Sniper,2014
0000122100,157397.0,6.3,American Wedding,2003
0000013210,109368.0,7.3,An Education,2009
0000023100,120682.0,6.7,Analyze This,1999
0000122100,124443.0,6.3,Anchorman 2: The Legend Continues,2013
0000012211,257689.0,7.2,Anchorman: The Legend of Ron Burgundy,2004
0000023100,199103.0,6.7,Angels & Demons,2009
0000122100,166510.0,6.2,Anger Management,2003
0000012311,238204.0,7.4,Ant-Man,2015
0000123100,120939.0,6.6,Antz,1998
0000001311,228691.0,7.8,Apocalypto,2006
0000002311,201862.0,7.6,Apollo 13,1995
0000002310,432514.0,7.8,Argo,2012
0000012100,311518.0,6.6,Armageddon,1998
0000002211,123873.0,7.6,Army of Darkness,1992
0000012211,230884.0,7.1,Artificial Intelligence: AI,2001
0000002311,219320.0,7.7,As Good as It Gets,1997
0000001211,185999.0,7.8,Atonement,2007
0000122100,157854.0,6.2,Austin Powers in Goldmember,2002
0000013200,177233.0,7.0,Austin Powers: International Man of Mystery,1997
0000023100,175409.0,6.6,Austin Powers: The Spy Who Shagged Me,1999
0000012100,100000.0,6.6,Australia,2008
0000001212,851993.0,7.9,Avatar,2009
0000012211,390991.0,7.6,Avengers: Age of Ultron,2015
0000012310,237171.0,7.5,Babel,2006/I
0000002311,320623.0,7.8,Back to the Future Part II,1989
0000012211,266260.0,7.4,Back to the Future Part III,1990
0000013100,165232.0,6.8,Bad Boys,1995
0000022100,172071.0,6.6,Bad Boys II,2003
0000012211,105661.0,7.1,Bad Santa,2003
0000221000,155142.0,5.7,Bad Teacher,2011
0000013200,129040.0,6.9,Basic Instinct,1992
1111100000,182448.0,3.7,Batman & Robin,1997
0000012311,257509.0,7.6,Batman,1989
0000001322,922979.0,8.3,Batman Begins,2005
0001221000,183007.0,5.4,Batman Forever,1995
0000013200,205850.0,7.0,Batman Returns,1992
0000001311,134567.0,7.7,Batoru rowaiaru,2000
0000121100,151900.0,5.8,Battle Los Angeles,2011
0000122100,196621.0,5.9,Battleship,2012
0000122100,101149.0,6.2,Bee Movie,2007
0000012211,179580.0,7.5,Beetlejuice,1988
0000001222,172906.0,8.1,Before Sunrise,1995
0000001321,246776.0,7.8,Being John Malkovich,1999
0000122100,139711.0,6.3,Beowulf,2007
0000013200,121367.0,7.3,Beverly Hills Cop,1984
0000013210,146872.0,7.3,Big,1988
0000122100,155910.0,6.4,Big Daddy,1999
0000001221,341980.0,8.0,Big Fish,2003
0000002321,247303.0,7.9,Big Hero 6,2014
0000122100,101486.0,6.4,Billy Madison,1995
0000001221,359976.0,7.8,Birdman or (The Unexpected Virtue of Ignorance),2014
0000002311,282247.0,7.7,Black Hawk Down,2001
0000001221,531126.0,8.0,Black Swan,2010
0000013200,183359.0,7.1,Blade,1998
0000023100,151481.0,6.7,Blade II,2002
0000121000,127318.0,5.9,Blade: Trinity,2004
0000122100,125608.0,6.3,Blades of Glory,2007
0000001321,384076.0,8.0,Blood Diamond,2006
0000002311,192270.0,7.6,Blow,2001
0000013210,142441.0,7.3,Blue Jasmine,2013
0000012210,136031.0,7.4,Blue Valentine,2010
0000001211,126741.0,7.8,Blue Velvet,1986
0000013200,168402.0,7.1,Body of Lies,2008
0000013200,140456.0,6.9,Bolt,2008
0000002311,182510.0,7.9,Boogie Nights,1997
0000012211,286426.0,7.3,Borat: Cultural Learnings of America for Make Benefit Glorious Nation of Kazakhstan,2006
0000001222,120322.0,8.0,Bowling for Columbine,2002
0000001221,249862.0,8.0,Boyhood,2014/I
0000013210,260449.0,7.2,Brave,2012
0000001222,703412.0,8.4,Braveheart,1995
0000001222,147401.0,8.0,Brazil,1985
0000002211,117163.0,7.8,Breakfast at Tiffany's,1961
0000012200,209781.0,6.8,Bridesmaids,2011/I
0000002310,109174.0,7.7,Bridge of Spies,2015
0000012211,106136.0,7.2,Bridge to Terabithia,2007
0000012100,164717.0,6.7,Bridget Jones's Diary,2001
0000001212,251665.0,7.7,Brokeback Mountain,2005
0000023100,285582.0,6.7,Bruce Almighty,2003
0000111100,115185.0,5.9,Brüno,2009
0000012200,114058.0,7.0,Buried,2010
0000012200,240303.0,7.0,Burn After Reading,2008
0000001223,206434.0,8.6,C'era una volta il West,1968
0000013210,122608.0,7.3,Cape Fear,1991
0000013100,467465.0,6.8,Captain America: The First Avenger,2011
0000002311,442270.0,7.8,Captain America: The Winter Soldier,2014
0000002321,310421.0,7.9,Captain Phillips,2013
0000002311,158200.0,7.9,Carlito's Way,1993
0000012211,120932.0,7.4,Carrie,1976
0000122000,103722.0,5.9,Carrie,2013
0000012211,247857.0,7.2,Cars,2006
0000001223,371977.0,8.6,Casablanca,1942
0000001321,450111.0,8.0,Casino Royale,2006
0000002311,376291.0,7.7,Cast Away,2000
0000002311,194198.0,7.8,Changeling,2008
0000012210,157924.0,6.9,Chappie,2015
0000012100,305378.0,6.7,Charlie and the Chocolate Factory,2005
0001221000,141650.0,5.5,Charlie's Angels,2000
0000012211,110844.0,7.4,Chasing Amy,1997
0000013210,128670.0,7.3,Chef,2014
0000012211,166974.0,7.2,Chicago,2002
0000013200,135015.0,7.0,Chicken Run,2000
0000001221,350034.0,7.9,Children of Men,2006
0000001222,206693.0,8.3,Chinatown,1974
0000012210,146023.0,7.3,Chocolat,2000
0000012211,103536.0,7.6,Christmas Vacation,1989
0000012200,196922.0,7.1,Chronicle,2012
0000000232,510263.0,8.7,Cidade de Deus,2002
0000001321,144365.0,8.0,Cinderella Man,2005
0000000223,101726.0,8.6,City Lights,1931
0000121000,222734.0,5.8,Clash of the Titans,2010
0000001212,176873.0,7.8,Clerks,1994
0000012211,112274.0,7.4,Clerks II,2006
0000122100,237463.0,6.4,Click,2006
0000002211,133775.0,7.7,Close Encounters of the Third Kind,1977
0000012211,164439.0,7.3,Closer,2004/I
0000011211,275379.0,7.5,Cloud Atlas,2012
0000013200,144595.0,7.0,Cloudy with a Chance of Meatballs,2009
0000012211,275741.0,7.1,Cloverfield,2008
0000012101,115940.0,6.8,Clueless,1995
0000012210,115890.0,7.2,Cold Mountain,2003
0000002310,285711.0,7.6,Collateral,2004
0000013200,115178.0,6.9,Coming to America,1988
0000122101,106656.0,6.7,Commando,1985
0000013100,218440.0,6.8,Con Air,1997
0000012101,109964.0,6.9,Conan the Barbarian,1982
0000012200,227625.0,6.9,Constantine,2005
0000012211,192546.0,7.4,Contact,1997
0000023100,175694.0,6.6,Contagion,2011
0000001321,115128.0,8.2,Cool Hand Luke,1967
0000002311,137312.0,7.7,Coraline,2009
0000012211,181093.0,7.4,Corpse Bride,2005
0000122100,167512.0,6.0,Cowboys & Aliens,2011
0000012200,189814.0,7.0,Crank,2006
0000122100,107599.0,6.2,Crank: High Voltage,2009
0000001221,352836.0,7.9,Crash,2004/I
0000012310,363214.0,7.4,"Crazy, Stupid, Love.",2011
0000012101,144752.0,6.9,Cruel Intentions,1999
0000012210,153800.0,7.3,Cube,1997
0000001421,308108.0,8.0,Dallas Buyers Club,2013
0000001321,179526.0,8.0,Dances with Wolves,1990
0001221000,168554.0,5.3,Daredevil,2003
0000002311,151966.0,7.7,Dark City,1998
0000122100,191550.0,6.2,Dark Shadows,2012
0000001232,247476.0,8.5,Das Leben der Anderen,2006
0000122100,123710.0,6.3,Date Night,2010
0000012211,187845.0,7.4,Dawn of the Dead,2004
0000002311,301118.0,7.6,Dawn of the Planet of the Apes,2014
0000123100,102943.0,6.5,Daybreakers,2009
0000002211,113304.0,7.7,Dazed and Confused,1993
0000001321,265218.0,8.0,Dead Poets Society,1989
0000000124,100529.0,8.7,Deadpool,2016
0000012210,201899.0,7.1,Death Proof,2007
0000122100,161474.0,6.4,Death Race,2008
0000122100,132281.0,6.1,Deep Impact,1998
0000013210,113090.0,7.2,Defiance,2008/I
0000012210,124535.0,7.2,"Definitely, Maybe",2008
0000013200,234919.0,7.0,Deja Vu,2006
0000122100,119696.0,6.6,Demolition Man,1993
0000001321,238441.0,8.3,Der Untergang,2004
0000013200,133903.0,7.2,Desperado,1995
0000002311,366095.0,7.7,Despicable Me,2010
0000012211,271829.0,7.5,Despicable Me 2,2013
0000122100,100824.0,6.3,Devil,2010
0000001321,100615.0,8.2,Dial M for Murder,1954
0000122100,165119.0,6.1,Die Another Day,2002
0000013200,260041.0,7.1,Die Hard 2,1990
0000002310,289629.0,7.6,Die Hard: With a Vengeance,1995
0000012101,135293.0,6.9,Dirty Dancing,1987
0000002311,110597.0,7.8,Dirty Harry,1971
0000001221,514189.0,8.0,District 9,2009
0000013100,182395.0,6.9,Disturbia,2007
0000012101,319489.0,6.8,Divergent,2014
0000001232,894838.0,8.5,Django Unchained,2012
0000023100,177943.0,6.7,Dodgeball: A True Underdog Story,2004
0000001321,174874.0,8.1,Dog Day Afternoon,1975
0000012211,177501.0,7.4,Dogma,1999
0000001222,104375.0,8.1,Dogville,2003
0000123100,183001.0,6.6,Don Jon,2013
0000002310,218590.0,7.8,Donnie Brasco,1997
0000001222,556441.0,8.1,Donnie Darko,2001
0000013200,113110.0,7.3,Dr. No,1962
0000012211,138441.0,7.5,Dracula,1992
0000122100,129922.0,6.3,Dracula Untold,2014
0000012100,153211.0,6.6,Drag Me to Hell,2009
0000012210,195001.0,7.0,Dredd,2012
0000001221,415036.0,7.8,Drive,2011/I
0001121000,113693.0,5.5,"Dude, Where's My Car?",2000
0000123100,265909.0,6.6,Due Date,2010
0000012211,279564.0,7.3,Dumb & Dumber,1994
0000002311,269853.0,7.8,E.T. the Extra-Terrestrial,1982
0000023100,146610.0,6.6,Eagle Eye,2008
0000002310,184738.0,7.7,Eastern Promises,2007
0000013210,263820.0,7.1,Easy A,2010
0000001311,139484.0,7.9,Ed Wood,1994
0000002321,402577.0,7.9,Edge of Tomorrow,2014
0000001311,344435.0,8.0,Edward Scissorhands,1990
0000012311,116960.0,7.5,El orfanato,2007
0000012201,144155.0,6.9,Elf,2003
0000023100,321601.0,6.6,Elysium,2013/I
0000012211,136977.0,7.1,Enchanted,2007
0000002311,173679.0,7.7,End of Watch,2012
0000012100,177507.0,6.7,Ender's Game,2013
0000002310,181660.0,7.6,Enemy at the Gates,2001
0000013200,182497.0,7.3,Enemy of the State,1998
0000012211,253500.0,7.5,Equilibrium,2002
0001111000,105644.0,5.1,Eragon,2006
0000013210,130343.0,7.3,Erin Brockovich,2000
0000023100,170068.0,6.7,Escape Plan,2013
0000001222,634691.0,8.4,Eternal Sunshine of the Spotless Mind,2004
0000012101,157198.0,6.6,EuroTrip,2004
0001221000,111859.0,5.4,Evan Almighty,2007
0000012100,114977.0,6.7,Event Horizon,1997
0000013200,104842.0,7.1,Everest,2015
0000112101,120153.0,6.5,Evil Dead,2013
0000001212,108730.0,7.8,Evil Dead II,1987
0000002310,238627.0,7.7,Ex Machina,2015
0000122100,120671.0,6.1,Exodus: Gods and Kings,2014
0000012211,219089.0,7.3,Eyes Wide Shut,1999
0000012210,275512.0,7.3,Face/Off,1997
0000001212,110662.0,7.5,Fahrenheit 9/11,2004
0000002310,131518.0,7.6,Falling Down,1993
0000121000,258497.0,5.7,Fantastic Four,2005/I
0000001311,132408.0,7.8,Fantastic Mr. Fox,2009
0000001321,431794.0,8.2,Fargo,1996
0000022101,193937.0,6.6,Fast & Furious,2009
0000012211,273659.0,7.3,Fast Five,2011
0000001212,206432.0,7.7,Fear and Loathing in Las Vegas,1998
0000001311,232271.0,7.9,Ferris Bueller's Day Off,1986
2000100001,207160.0,4.1,Fifty Shades of Grey,2015
0000000133,1278298.0,8.9,Fight Club,1999
0000023100,174002.0,6.7,Final Destination,2000
0000122100,116427.0,6.2,Final Destination 2,2003
0000001211,171045.0,7.8,Finding Neverland,2004
0000002311,166204.0,7.7,First Blood,1982
0000013310,255980.0,7.3,Flight,2012/I
0000122100,122836.0,6.2,Flightplan,2005
0000023100,133190.0,6.6,Focus,2015/II
0000012211,211339.0,7.2,Forgetting Sarah Marshall,2008
0000000133,1180243.0,8.8,Forrest Gump,1994
0000013100,106273.0,6.9,Four Brothers,2005
0000013210,104704.0,7.1,Four Weddings and a Funeral,1994
0000013210,134821.0,7.2,Fracture,2007
0000022100,258464.0,6.6,Friends with Benefits,2011
0000012210,210283.0,7.3,From Dusk Till Dawn,1996
0000023100,121258.0,6.8,From Hell,2001
0000002212,396845.0,7.6,Frozen,2013/I
0000122100,107779.0,6.1,Fun with Dick and Jane,2005
0000012211,289465.0,7.2,Furious 6,2013
0000012212,255876.0,7.3,Furious Seven,2015
0000002311,281862.0,7.6,Fury,2014
0000121000,141217.0,5.8,G.I. Joe: Retaliation,2013
0000121100,169632.0,5.8,G.I. Joe: The Rise of Cobra,2009
0000012211,119790.0,7.3,Galaxy Quest,1999
0000122000,110244.0,5.8,Gamer,2009
0000001321,163715.0,8.1,Gandhi,1982
0000012311,301927.0,7.5,Gangs of New York,2002
0000013100,169059.0,6.8,Gangster Squad,2013
0000001212,184527.0,7.6,Garden State,2004
0000002311,211332.0,7.8,Gattaca,1997
0000122100,143699.0,6.4,Get Him to the Greek,2010
0000122100,164002.0,6.5,Get Smart,2008
0000012200,149126.0,7.0,Ghost,1990
0000002311,250185.0,7.8,Ghost Busters,1984
0001221000,175804.0,5.2,Ghost Rider,2007
0000122100,129723.0,6.5,Ghostbusters II,1989
0000012211,120458.0,7.3,"Girl, Interrupted",1999
0001121000,147547.0,5.3,Godzilla,1998/I
0000122100,290082.0,6.5,Godzilla,2014
0000013200,193659.0,7.2,GoldenEye,1995
0000002311,135566.0,7.8,Goldfinger,1964
0000002310,185527.0,7.7,Gone Baby Gone,2007
0000122100,212110.0,6.5,Gone in Sixty Seconds,2000
0000001213,205875.0,8.2,Gone with the Wind,1939
0000002311,111151.0,7.7,Good Bye Lenin!,2003
0000001321,573062.0,8.3,Good Will Hunting,1997
0000001321,538615.0,8.2,Gran Torino,2008
0000001221,555523.0,7.9,Gravity,2013
0000012211,162208.0,7.2,Grease,1978
0001121000,213935.0,5.6,Green Lantern,2011
0000013200,107140.0,6.9,Green Zone,2010
0000013200,134194.0,7.2,Gremlins,1984
0000001212,151670.0,7.6,Grindhouse,2007
0000001321,415321.0,8.1,Groundhog Day,1993
0000122100,174135.0,6.0,Grown Ups,2010
0000111000,102606.0,5.4,Grown Ups 2,2013
0000001222,614407.0,8.1,Guardians of the Galaxy,2014
0000001222,141827.0,8.2,Hachi: A Dog's Tale,2009
0000122000,100850.0,5.9,Hall Pass,2011
0000001212,151939.0,7.9,Halloween,1978
0000122100,326474.0,6.4,Hancock,2008
0000013200,154637.0,6.8,Hanna,2011
0000023100,202833.0,6.7,Hannibal,2001
0000122100,153494.0,6.1,Hansel & Gretel: Witch Hunters,2013
0000122100,126419.0,6.5,Happy Feet,2006
0000012201,149617.0,7.0,Happy Gilmore,1996
0000012210,128445.0,7.1,Hard Candy,2005
0000012101,111277.0,6.6,Harold & Kumar Escape from Guantanamo Bay,2008
0000012211,151116.0,7.1,Harold & Kumar Go to White Castle,2004
0000012211,369269.0,7.4,Harry Potter and the Chamber of Secrets,2002
0000002211,311730.0,7.7,Harry Potter and the Deathly Hallows: Part 1,2010
0000001222,511467.0,8.1,Harry Potter and the Deathly Hallows: Part 2,2011
0000002211,367825.0,7.6,Harry Potter and the Goblet of Fire,2005
0000012211,304558.0,7.5,Harry Potter and the Half-Blood Prince,2009
0000012211,337981.0,7.5,Harry Potter and the Order of the Phoenix,2007
0000002311,363645.0,7.8,Harry Potter and the Prisoner of Azkaban,2004
0000012211,424637.0,7.5,Harry Potter and the Sorcerer's Stone,2001
0000122100,127869.0,6.4,He's Just Not That Into You,2009
0000023100,235985.0,6.8,Hellboy,2004
0000013200,201960.0,7.0,Hellboy II: The Golden Army,2008
0000001221,331758.0,8.0,Her,2013
0000012211,133572.0,7.2,Hercules,1997
0000122100,109780.0,6.0,Hercules,2014/I
0000002311,139024.0,7.6,High Fidelity,2000
0000023100,237761.0,6.6,Hitch,2005/I
0000122100,136657.0,6.3,Hitman,2007/I
0000012211,297326.0,7.5,Home Alone,1990
0000122101,189761.0,6.6,Home Alone 2: Lost in New York,1992
0000122100,101998.0,6.3,"Honey, I Shrunk the Kids",1989
0000022100,176770.0,6.7,Hook,1991
0000002311,114220.0,7.5,Hooligans,2005
0000013200,341935.0,6.9,Horrible Bosses,2011
0000122100,104947.0,6.3,Horrible Bosses 2,2014
0000012100,102757.0,6.9,Horton Hears a Who!,2008
0000121100,134614.0,5.9,Hostel,2005
0000001311,338380.0,7.9,Hot Fuzz,2007
0000122100,136047.0,6.4,Hot Tub Time Machine,2010
0000001223,128737.0,8.5,Hotaru no haka,1988
0000012201,153011.0,7.1,Hotel Transylvania,2012
0000121100,137544.0,6.0,How the Grinch Stole Christmas,2000
0000122100,148966.0,6.4,How to Lose a Guy in 10 Days,2003
0000001322,457100.0,8.2,How to Train Your Dragon,2010
0000001311,207019.0,7.9,How to Train Your Dragon 2,2014
0000012211,237019.0,7.6,Hugo,2011
0001121000,204236.0,5.7,Hulk,2003
0000012210,506389.0,7.2,I Am Legend,2007
0000122100,189312.0,6.1,I Am Number Four,2011
0000002311,118807.0,7.6,I Am Sam,2001
0001221000,102107.0,5.6,I Know What You Did Last Summer,1997
0000013200,161817.0,7.1,"I Love You, Man",2009
0000122100,116235.0,6.0,I Now Pronounce You Chuck & Larry,2007
0000013200,368848.0,7.1,"I, Robot",2004
0000002311,311892.0,7.6,Ice Age,2002
0000022100,137411.0,6.7,Ice Age: Continental Drift,2012
0000013200,157319.0,7.0,Ice Age: Dawn of the Dinosaurs,2009
0000023100,183489.0,6.9,Ice Age: The Meltdown,2006
0000012210,171171.0,7.3,Identity,2003
0000112100,103414.0,6.5,Idiocracy,2006
0000122100,134459.0,6.1,Immortals,2011
0000001321,296715.0,8.0,In Bruges,2008
0000022100,291572.0,6.7,In Time,2011
0000000123,1388597.0,8.8,Inception,2010
0000012200,407140.0,6.9,Independence Day,1996
0000122100,321062.0,6.2,Indiana Jones and the Kingdom of the Crystal Skull,2008
0000012311,313641.0,7.6,Indiana Jones and the Temple of Doom,1984
0000002310,264377.0,7.6,Inside Man,2006
0000012100,190307.0,6.8,Insidious,2010/I
0000022100,101079.0,6.6,Insidious: Chapter 2,2013
0000013200,211472.0,7.2,Insomnia,2002
0000122100,132106.0,6.3,Insurgent,2015
0000000123,842388.0,8.6,Interstellar,2014
0000002311,232333.0,7.6,Interview with the Vampire: The Vampire Chronicles,1994
0000001222,404761.0,8.2,Into the Wild,2007
0000000232,469279.0,8.6,Intouchables,2011
0000013310,119780.0,7.4,Invictus,2009
0000002311,656156.0,7.9,Iron Man,2008
0000013200,489631.0,7.0,Iron Man 2,2010
0000012211,524800.0,7.3,Iron Man Three,2013
0000013210,101400.0,7.2,It's Kind of a Funny Story,2010
0000001321,110147.0,8.0,JFK,1991
0000013200,217344.0,7.0,Jack Reacher,2012
0000122100,102125.0,6.3,Jack the Giant Slayer,2013
0000012310,230577.0,7.5,Jackie Brown,1997
0000001331,156502.0,8.3,Jagten,2012
0000013200,139218.0,7.1,Jarhead,2005
0000001211,392515.0,8.1,Jaws,1975
0000012101,125488.0,6.9,Jay and Silent Bob Strike Back,2001
0000013210,183890.0,7.3,Jerry Maguire,1996
0000001223,144318.0,8.4,Jodaeiye Nader az Simin,2011
0000012100,205764.0,6.6,John Carter,2012
0000012211,224909.0,7.2,John Wick,2014
0000122100,111093.0,6.1,Johnny English,2003
0000023100,196686.0,6.9,Jumanji,1995
0000122100,235746.0,6.1,Jumper,2008
0000002211,399930.0,7.5,Juno,2007
0001121000,128135.0,5.4,Jupiter Ascending,2015
0000001321,574866.0,8.1,Jurassic Park,1993
0000122000,208406.0,5.9,Jurassic Park III,2001
0000012211,371947.0,7.1,Jurassic World,2015
0000122100,166324.0,6.4,Just Go with It,2011
0000012211,143625.0,7.4,K-PAX,2001
0000002311,419573.0,7.7,Kick-Ass,2010
0000023100,192224.0,6.6,Kick-Ass 2,2013
0000001321,490941.0,8.0,Kill Bill: Vol. 2,2004
0000123100,102902.0,6.5,Killer Elite,2011
0000122100,108106.0,6.2,Killing Them Softly,2012
0000122000,103894.0,6.0,Kindergarten Cop,1990
0000122100,132273.0,6.3,King Arthur,2004
0000012211,305366.0,7.3,King Kong,2005
0000012211,209682.0,7.2,Kingdom of Heaven,2005
0000002311,357089.0,7.8,Kingsman: The Secret Service,2014
0000002311,168614.0,7.6,Kiss Kiss Bang Bang,2005
0000122100,143945.0,6.3,Knight and Day,2010
0000012210,290260.0,7.0,Knocked Up,2007
0000122100,181896.0,6.2,Knowing,2009
0000002311,287592.0,7.6,Kung Fu Panda,2008
0000012211,166914.0,7.3,Kung Fu Panda 2,2011
0000121000,152015.0,5.7,Lara Croft: Tomb Raider,2001
0000012210,111839.0,7.4,Lars and the Real Girl,2007
0000122100,102687.0,6.2,Last Action Hero,1993
0000023100,102572.0,6.6,Last Vegas,2013
0000012211,209741.0,7.4,Law Abiding Citizen,2009
0000013210,177510.0,7.3,Lawless,2012
0000001222,183467.0,8.4,Lawrence of Arabia,1962
0000013310,130124.0,7.4,Layer Cake,2004
0000001222,510281.0,8.4,Le fabuleux destin d'Amélie Poulain,2001
0000122100,124358.0,6.2,Legally Blonde,2001
0000012211,108016.0,7.5,Legends of the Fall,1994
0000012100,151901.0,6.8,Lemony Snicket's A Series of Unfortunate Events,2004
0000001212,234967.0,7.6,Les Misérables,2012
0000122100,100745.0,6.5,Let's Be Cops,2014
0000002310,184823.0,7.6,Lethal Weapon,1987
0000013200,122842.0,7.2,Lethal Weapon 2,1989
0000023100,124258.0,6.7,Lethal Weapon 3,1992
0000023100,124075.0,6.6,Lethal Weapon 4,1998
0000001321,129298.0,7.9,Letters from Iwo Jima,2006
0000023100,211088.0,6.8,Liar Liar,1997
0000001321,417225.0,8.0,Life of Pi,2012
0000012211,109747.0,7.2,Lilo & Stitch,2002
0000012310,400559.0,7.4,Limitless,2011/I
0000012211,190674.0,7.4,Lincoln,2012
0000001311,343277.0,7.9,Little Miss Sunshine,2006
0000012211,327875.0,7.2,Live Free or Die Hard,2007
0000002311,139777.0,7.6,Lo imposible,2012
0000002311,157788.0,7.8,Lola rennt,1998
0000002311,192490.0,7.6,Lone Survivor,2013
0000012310,412211.0,7.4,Looper,2012
0000002311,242099.0,7.6,Lord of War,2005
0000001211,310806.0,7.8,Lost in Translation,2003
0000023100,137605.0,6.7,Love & Other Drugs,2010
0000001211,309856.0,7.7,Love Actually,2003
0000002311,255425.0,7.8,Lucky Number Slevin,2006
0000122100,307828.0,6.4,Lucy,2014/I
0000001221,168132.0,8.0,Låt den rätte komma in,2008
0000012100,161718.0,6.7,Machete,2010
0000013200,145632.0,7.0,Mad Max,1979
0000002311,128432.0,7.6,Mad Max 2,1981
0000001222,455881.0,8.2,Mad Max: Fury Road,2015
0000013200,252256.0,6.9,Madagascar,2005
0000012101,112836.0,6.9,Madagascar 3: Europe's Most Wanted,2012
0000023100,137606.0,6.7,Madagascar: Escape 2 Africa,2008
0000122100,104786.0,6.1,Magic Mike,2012
0000001222,235383.0,8.0,Magnolia,1999
0000012211,239569.0,7.0,Maleficent,2014
0000122100,128276.0,6.2,Mama,2013/I
0000112101,140181.0,6.3,Mamma Mia!,2008
0000012211,503137.0,7.2,Man of Steel,2013
0000002311,257685.0,7.7,Man on Fire,2004
0000023100,121783.0,6.6,Man on a Ledge,2012
0000001221,100512.0,8.0,Manhattan,1979
0000012211,112873.0,7.1,Marley & Me,2008
0000122100,166393.0,6.3,Mars Attacks!,1996
0000001212,102095.0,7.8,Mary Poppins,1964
0000001222,112505.0,8.2,Mary and Max,2009
0000012211,163799.0,7.4,Master and Commander: The Far Side of the World,2003
0000002311,160212.0,7.7,Match Point,2005
0000013310,103554.0,7.3,Matchstick Men,2003
0001221000,105332.0,5.4,Max Payne,2008
0000122100,111407.0,6.4,Maze Runner: The Scorch Trials,2015
0000122100,180372.0,6.5,"Me, Myself & Irene",2000
0000012101,233483.0,7.0,Mean Girls,2004
0000012211,163623.0,7.1,Meet Joe Black,1998
0000122100,204961.0,6.3,Meet the Fockers,2004
0000013200,252790.0,7.0,Meet the Parents,2000
0000013210,164684.0,7.3,Megamind,2010
0000012211,123156.0,7.1,Melancholia,2011
0000012211,116523.0,7.3,Memoirs of a Geisha,2005
0000013200,385402.0,7.3,Men in Black,1997
0000023100,256937.0,6.8,Men in Black 3,2012
0000132000,259115.0,6.1,Men in Black II,2002
0000012210,130180.0,7.3,Michael Clayton,2007
0000002311,288996.0,7.7,Midnight in Paris,2011
0000002311,132446.0,7.6,Milk,2008/I
0000002311,100667.0,7.9,Miller's Crossing,1990
0000122100,121636.0,6.5,Minions,2015
0000002310,385858.0,7.7,Minority Report,2002
0000002311,128232.0,7.8,Misery,1990
0000122100,130899.0,6.1,Miss Congeniality,2000
0000013200,287784.0,7.1,Mission: Impossible,1996
0000012310,350471.0,7.4,Mission: Impossible - Ghost Protocol,2011
0000012310,201635.0,7.5,Mission: Impossible - Rogue Nation,2015
0000122100,231901.0,6.1,Mission: Impossible II,2000
0000013100,245770.0,6.9,Mission: Impossible III,2006
0000001222,134149.0,8.6,Modern Times,1936
0000002310,274723.0,7.6,Moneyball,2011
0000013210,101913.0,7.3,Monster,2003
0000013211,219844.0,7.4,Monsters University,2013
0000123100,109584.0,6.6,Monsters vs. Aliens,2009
0000001321,550050.0,8.1,"Monsters, Inc.",2001
0000001321,248426.0,8.0,Moon,2009
0000001321,227829.0,7.8,Moonrise Kingdom,2012
0000001212,218492.0,7.6,Moulin Rouge!,2001
0000122100,332780.0,6.5,Mr. & Mrs. Smith,2005
0000012310,120158.0,7.4,Mr. Brooks,2007
0000121000,106591.0,5.8,Mr. Deeds,2002
0000001222,136390.0,7.9,Mr. Nobody,2009
0000013100,173817.0,6.9,Mrs. Doubtfire,1993
0000013310,128829.0,7.4,Mud,2012
0000012211,161014.0,7.5,Mulan,1998
0000001222,227183.0,8.0,Mulholland Dr.,2001
0000002311,172346.0,7.6,Munich,2005
0000001321,328266.0,8.0,Mystic River,2003
0000002311,169880.0,7.8,Män som hatar kvinnor,2009
0000012111,156427.0,6.9,Napoleon Dynamite,2004
0000013100,247782.0,6.9,National Treasure,2004
0000122100,177027.0,6.5,National Treasure: Book of Secrets,2007
0000012211,167102.0,7.3,Natural Born Killers,1994
0000012101,131604.0,6.5,Need for Speed,2014
0000122100,199499.0,6.4,Neighbors,2014/I
0000012211,105722.0,7.2,Never Let Me Go,2010
0000122100,121534.0,6.2,Next,2007
0000122100,222690.0,6.4,Night at the Museum,2006
0000132000,123829.0,5.9,Night at the Museum: Battle of the Smithsonian,2009
0000002310,268195.0,7.9,Nightcrawler,2014
0000122100,161815.0,6.2,No Strings Attached,2011/I
0000121100,192770.0,5.8,Noah,2014
0000013200,190873.0,7.0,Non-Stop,2014
0000012210,195143.0,7.0,Notting Hill,1999
0000012211,411199.0,7.3,Now You See Me,2013/I
0000001223,143867.0,8.5,Nuovo Cinema Paradiso,1988
0000001311,216650.0,7.8,"O Brother, Where Art Thou?",2000
0000013200,370049.0,7.0,Oblivion,2013/I
0000002311,386728.0,7.8,Ocean's Eleven,2001
0000013100,247324.0,6.9,Ocean's Thirteen,2007
0000122100,273943.0,6.4,Ocean's Twelve,2004
0000002311,193747.0,7.8,Office Space,1999
0000012211,181295.0,7.2,Old School,2003
0000022100,187187.0,6.5,Olympus Has Fallen,2013
0000122100,126478.0,6.4,Once Upon a Time in Mexico,2003
0000012211,100599.0,7.0,One Day,2011
0000013201,106507.0,7.2,One Hundred and One Dalmatians,1961
0000013200,132874.0,7.0,Orphan,2009
0000023100,122846.0,6.8,Over the Hedge,2006
0000122100,171146.0,6.4,Oz the Great and Powerful,2013
0000012211,161682.0,7.1,P.S. I Love You,2007
0000012211,364933.0,7.0,Pacific Rim,2013
0000122100,155189.0,6.5,Pain & Gain,2013
0000012200,117645.0,6.8,Pandorum,2009
0000023100,199031.0,6.8,Panic Room,2002
0000012100,179133.0,6.3,Paranormal Activity,2007
0000001222,114704.0,8.5,Paths of Glory,1957
0000013200,185203.0,7.0,Paul,2011
0000013200,108837.0,7.1,Payback,1999/I
0000111100,245158.0,6.0,Pearl Harbor,2001
0000121000,136133.0,5.9,Percy Jackson & the Olympians: The Lightning Thief,2010
0000012211,184791.0,7.5,Perfume: The Story of a Murderer,2006
0000002311,173209.0,7.7,Philadelphia,1993
0000013200,199986.0,7.1,Phone Booth,2002
0000002211,138896.0,7.5,Pi,1998
0000012211,245396.0,7.0,Pineapple Express,2008
0000012211,451978.0,7.1,Pirates of the Caribbean: At World's End,2007
0000012211,500594.0,7.3,Pirates of the Caribbean: Dead Man's Chest,2006
0000022101,353014.0,6.7,Pirates of the Caribbean: On Stranger Tides,2011
0000001321,772709.0,8.1,Pirates of the Caribbean: The Curse of the Black Pearl,2003
0000013200,188658.0,7.1,Pitch Black,2000
0000012211,203199.0,7.2,Pitch Perfect,2012
0000012211,163227.0,7.2,Planet Terror,2007
0000001311,132454.0,8.0,Planet of the Apes,1968
0000121000,173809.0,5.7,Planet of the Apes,2001
0000012311,100410.0,7.5,Pleasantville,1998
0000122101,112546.0,6.6,Pocahontas,1995
0000013211,106159.0,7.2,Point Break,1991
0000012211,100118.0,7.4,Poltergeist,1982
0000002311,280021.0,7.8,Predator,1987
0000122100,166252.0,6.4,Predators,2010
0000012311,150101.0,7.4,Predestination,2014/I
0000012201,204122.0,6.9,Pretty Woman,1990
0000001212,185607.0,7.8,Pride & Prejudice,2005
0000002310,125484.0,7.7,Primal Fear,1996
0000022100,214143.0,6.6,Prince of Persia: The Sands of Time,2010
0000001321,355594.0,8.1,Prisoners,2013
0000012101,152081.0,6.7,Project X,2012
0000012210,441247.0,7.0,Prometheus,2012/I
0000013200,224463.0,7.0,Public Enemies,2009
0000012211,105666.0,7.3,Punch-Drunk Love,2002
0000023100,109908.0,6.7,Puss in Boots,2011
0000023100,316217.0,6.7,Quantum of Solace,2008
0000013200,230916.0,7.1,RED,2010
0000023100,119073.0,6.7,RED 2,2013
0000001222,225245.0,8.3,Raging Bull,1980
0000001321,373147.0,8.0,Rain Man,1988
0000012211,174914.0,7.1,Rambo,2008
0000122100,113043.0,6.4,Rambo: First Blood Part II,1985
0000012210,175182.0,7.2,Rango,2011
0000001321,449700.0,8.0,Ratatouille,2007
0000002311,106283.0,7.7,Ray,2004/I
0000012211,246541.0,7.1,Real Steel,2011
0000013200,198496.0,7.2,Red Dragon,2002
0000122100,104584.0,6.2,Reign of Fire,2002
0000012211,110315.0,7.2,Remember Me,2010
0000002311,155658.0,7.8,Remember the Titans,2000
0000001222,547533.0,8.4,Requiem for a Dream,2000
0000001221,630426.0,8.4,Reservoir Dogs,1992
0000012100,192206.0,6.7,Resident Evil,2002
0000121000,127199.0,5.9,Resident Evil: Afterlife,2010
0000122100,146703.0,6.2,Resident Evil: Apocalypse,2004
0000122100,144869.0,6.3,Resident Evil: Extinction,2007
0001111001,100981.0,5.4,Resident Evil: Retribution,2012
0000012210,147396.0,7.3,Revolutionary Road,2008
0000122100,119939.0,6.4,Riddick,2013
0000013200,158360.0,7.0,Rio,2011
0000012211,118099.0,7.3,Rise of the Guardians,2012
0000002310,389063.0,7.6,Rise of the Planet of the Apes,2011
0000122100,129183.0,6.5,Road Trip,2000
0000002311,194293.0,7.7,Road to Perdition,2002
0000023100,205512.0,6.7,Robin Hood,2010
0000013200,140834.0,6.9,Robin Hood: Prince of Thieves,1991
0000012211,172937.0,7.5,RoboCop,1987
0000122100,175642.0,6.2,RoboCop,2014
0000012211,188321.0,7.3,RocknRolla,2008
0000001321,352714.0,8.1,Rocky,1976
0000012211,154121.0,7.2,Rocky Balboa,2006
0000013201,129124.0,7.2,Rocky II,1979
0000022100,115213.0,6.7,Rocky III,1982
0000012101,126611.0,6.7,Rocky IV,1985
0000013200,191562.0,6.9,Role Models,2008
0000012111,161437.0,6.8,Romeo + Juliet,1996
0000013210,141689.0,7.3,Ronin,1998
0000001321,135484.0,8.0,Rosemary's Baby,1968
0000013210,118280.0,7.4,Rounders,1998
0000001321,292350.0,8.2,Rush,2013/I
0000013100,179912.0,6.9,Rush Hour,1998
0000022100,154740.0,6.6,Rush Hour 2,2001
0000122100,116344.0,6.2,Rush Hour 3,2007
0000002211,129994.0,7.7,Rushmore,1998
0000122000,116843.0,6.0,S.W.A.T.,2003
0000023100,161297.0,6.8,Safe House,2012
0000122100,238480.0,6.4,Salt,2010
0000122100,124627.0,6.1,San Andreas,2015
0000022100,101655.0,6.5,Savages,2012
0000012311,112502.0,7.5,Saving Mr. Banks,2013
0000001232,836189.0,8.6,Saving Private Ryan,1998
0000002311,286810.0,7.7,Saw,2004
0000012100,182281.0,6.6,Saw II,2005
0000122100,137104.0,6.2,Saw III,2006
0000121000,107023.0,5.9,Saw IV,2007
0000122100,181039.0,6.2,Scary Movie,2000
0001211000,115458.0,5.2,Scary Movie 2,2001
0001221000,107757.0,5.4,Scary Movie 3,2003
0000001321,187768.0,8.0,Scent of a Woman,1992
0000001211,261417.0,7.5,Scott Pilgrim vs. the World,2010
0000012211,213391.0,7.2,Scream,1996
0000122100,120767.0,6.1,Scream 2,1997
0000122101,100824.0,6.2,Scream 4,2011
0000123100,142429.0,6.6,Secret Window,2004
0000000223,392267.0,8.6,Sen to Chihiro no kamikakushi,2001
0000001212,235417.0,8.0,Serenity,2005
0000002211,225329.0,7.7,Seven Pounds,2008
0000012210,178329.0,7.2,Seven Psychopaths,2012
0000012211,170373.0,7.2,Shakespeare in Love,1998
0000122000,106916.0,5.9,Shallow Hal,2001
0000012210,138791.0,7.3,Shame,2011
0000122000,127342.0,6.0,Shark Tale,2004
0000001311,380300.0,8.0,Shaun of the Dead,2004
0000112101,111221.0,6.4,She's the Man,2006
0000002311,457603.0,7.6,Sherlock Holmes,2009
0000002311,322808.0,7.5,Sherlock Holmes: A Game of Shadows,2011
0000012100,127511.0,6.7,Shoot 'Em Up,2007
0000013210,247311.0,7.2,Shooter,2007/I
0000002311,445895.0,7.9,Shrek,2001
0000013210,299777.0,7.2,Shrek 2,2004
0000122100,132308.0,6.4,Shrek Forever After,2010
0000122000,202420.0,6.1,Shrek the Third,2007
0000002310,143389.0,7.7,Sicario,2015
0000013200,143355.0,7.1,Side Effects,2013/I
0000002211,145454.0,7.6,Sideways,2004
0000012100,264000.0,6.7,Signs,2002
0000012101,167114.0,6.6,Silent Hill,2006
0000002311,511655.0,7.8,Silver Linings Playbook,2012
0000001222,633808.0,8.1,Sin City,2005
0000123100,102318.0,6.5,Sin City: A Dame to Kill For,2014
0000012100,144615.0,6.8,Sinister,2012/I
0000002311,500197.0,7.8,Skyfall,2012
0000002310,150245.0,7.5,Sleepers,1996
0000023100,118282.0,6.8,Sleepless in Seattle,1993
0000012210,257881.0,7.4,Sleepy Hollow,1999
0000001321,618091.0,8.0,Slumdog Millionaire,2008
0000012100,118448.0,6.7,Smokin' Aces,2006
0000111001,113411.0,5.6,Snakes on a Plane,2006
0000122100,216338.0,6.1,Snow White and the Huntsman,2012
0000012211,126643.0,7.7,Snow White and the Seven Dwarfs,1937
0000012210,168415.0,7.0,Snowpiercer,2013
0000001222,167507.0,8.3,Some Like It Hot,1959
0000012310,361962.0,7.5,Source Code,2011
0000001211,156597.0,7.8,South Park: Bigger Longer & Uncut,1999
0000002311,124607.0,7.5,Southpaw,2015
0000122101,105891.0,6.3,Space Jam,1996
0000012211,131697.0,7.1,Spaceballs,1987
0000013200,214207.0,6.9,Spectre,2015
0000013200,252873.0,7.2,Speed,1994
0000013210,519746.0,7.3,Spider-Man,2002
0000012211,387722.0,7.3,Spider-Man 2,2004
0000122100,363051.0,6.2,Spider-Man 3,2007
1001111000,104559.0,5.3,Spring Breakers,2012
0000012210,140839.0,7.1,Spy,2015
0000013200,117768.0,7.0,Spy Game,2001
0000001321,487500.0,8.0,Star Trek,2009
0000002321,379149.0,7.8,Star Trek Into Darkness,2013
0000000223,863899.0,8.7,Star Wars,1977
0000112100,511537.0,6.5,Star Wars: Episode I - The Phantom Menace,1999
0000012101,442199.0,6.7,Star Wars: Episode II - Attack of the Clones,2002
0000001211,495402.0,7.6,Star Wars: Episode III - Revenge of the Sith,2005
0000000223,790232.0,8.8,Star Wars: Episode V - The Empire Strikes Back,1980
0000001222,640693.0,8.4,Star Wars: Episode VI - Return of the Jedi,1983
0000001222,433061.0,8.4,Star Wars: Episode VII - The Force Awakens,2015
0000001211,205999.0,7.7,Stardust,2007
0000013200,145093.0,7.0,Stargate,1994
0000012211,215429.0,7.2,Starship Troopers,1997
0000122100,118128.0,6.1,Starsky & Hutch,2004
0000013200,110855.0,7.1,State of Play,2009
0000012111,204729.0,6.9,Step Brothers,2008
0000002311,182625.0,7.6,Stranger Than Fiction,2006
0000111100,191297.0,6.1,Sucker Punch,2011
0000001222,133075.0,8.5,Sunset Blvd.,1950
0000012211,183676.0,7.3,Sunshine,2007
0000013200,277291.0,7.1,Super 8,2011
0000002211,409266.0,7.6,Superbad,2007
0000012211,120522.0,7.3,Superman,1978
0000122100,233696.0,6.1,Superman Returns,2006
0000132100,148529.0,6.3,Surrogates,2009
0000012211,272722.0,7.4,Sweeney Todd: The Demon Barber of Fleet Street,2007
0000123100,152290.0,6.5,Swordfish,2001
0000012200,106326.0,7.0,Syriana,2005
0000012100,256808.0,6.8,TRON,2010
0000001311,468277.0,7.9,Taken,2008/I
0000122100,228545.0,6.3,Taken 2,2012
0000122100,123424.0,6.0,Taken 3,2014
0000022100,125672.0,6.6,Talladega Nights: The Ballad of Ricky Bobby,2006
0000002311,276873.0,7.8,Tangled,2010
0000013211,134495.0,7.2,Tarzan,1999
0000001222,480581.0,8.4,Taxi Driver,1976
0000012211,132130.0,7.2,Team America: World Police,2004
0000012201,453515.0,7.0,Ted,2012
0000122100,155693.0,5.9,Teenage Mutant Ninja Turtles,2014
0000122100,294124.0,6.4,Terminator 3: Rise of the Machines,2003
0000012100,165849.0,6.6,Terminator Genisys,2015
0000023100,277078.0,6.6,Terminator Salvation,2009
0000002310,188855.0,7.6,Thank You for Smoking,2005
0000012210,302805.0,7.2,The 40 Year Old Virgin,2005
0000012100,205586.0,6.8,The A-Team,2010
0000002311,127175.0,7.6,The Abyss,1989
0000013200,193987.0,7.1,The Adjustment Bureau,2011
0000012210,171942.0,7.4,The Adventures of Tintin,2011
0000012200,431261.0,7.1,The Amazing Spider-Man,2012
0000012101,302657.0,6.8,The Amazing Spider-Man 2,2014
0000001221,183721.0,8.0,The Artist,2011/I
0000012211,132638.0,7.5,The Assassination of Jesse James by the Coward Robert Ford,2007
0000001222,933861.0,8.1,The Avengers,2012
0000012310,253032.0,7.5,The Aviator,2004
0000013300,148938.0,7.3,The Bank Job,2008
0000022100,168808.0,6.6,The Beach,2000/I
0000001222,511212.0,8.2,The Big Lebowski,1998
0000002311,123438.0,7.7,The Birds,1963
0000011100,180363.0,6.4,The Blair Witch Project,1999
0000002311,212469.0,7.7,The Blind Side,2009
0000001212,137552.0,7.9,The Blues Brothers,1980
0000023100,115707.0,6.7,The Bone Collector,1999
0000012200,217935.0,6.9,The Book of Eli,2010
0000001212,193825.0,7.9,The Boondock Saints,1999
0000002311,385668.0,7.9,The Bourne Identity,2002
0000023100,218959.0,6.7,The Bourne Legacy,2012
0000002311,328937.0,7.8,The Bourne Supremacy,2004
0000001321,465636.0,8.1,The Bourne Ultimatum,2007
0000002311,124508.0,7.8,The Boy in the Striped Pyjamas,2008
0000001311,243666.0,7.9,The Breakfast Club,1985
0000012211,178285.0,7.4,The Bucket List,2007
0000002311,342318.0,7.7,The Butterfly Effect,2004
0000012211,264426.0,7.0,The Cabin in the Woods,2012
0000122100,118395.0,6.0,The Cable Guy,1996
0000122100,104092.0,6.2,The Campaign,2012
0000122100,132871.0,6.4,The Change-Up,2011
0000122100,143608.0,6.6,The Chronicles of Narnia: Prince Caspian,2008
0000012101,275152.0,6.9,"The Chronicles of Narnia: The Lion, the Witch and the Wardrobe",2005
0000122100,101629.0,6.3,The Chronicles of Narnia: The Voyage of the Dawn Treader,2010
0000012100,178682.0,6.7,The Chronicles of Riddick,2004
0000012211,273751.0,7.5,The Conjuring,2013
0000012310,108325.0,7.5,The Constant Gardener,2005
0000002311,101411.0,7.7,The Count of Monte Cristo,2002
0000012211,142963.0,7.3,The Croods,2013
0000002211,132173.0,7.6,The Crow,1994
0000001211,442346.0,7.8,The Curious Case of Benjamin Button,2008
0000122100,302069.0,6.5,The Da Vinci Code,2006
0000012211,132891.0,7.2,The Darjeeling Limited,2007
0000000124,1586887.0,9.0,The Dark Knight,2008
0000001223,1079966.0,8.5,The Dark Knight Rises,2012
0000122100,320132.0,6.4,The Day After Tomorrow,2004
0001221000,136205.0,5.5,The Day the Earth Stood Still,2008
0000001221,223034.0,8.2,The Deer Hunter,1978
0000013210,200492.0,7.3,The Descendants,2011
0000012211,148130.0,7.2,The Descent,2005
0000013100,273181.0,6.8,The Devil Wears Prada,2006
0000012311,250969.0,7.5,The Devil's Advocate,1997
0000122100,203767.0,6.4,The Dictator,2012
0000012211,120973.0,7.3,The Emperor's New Groove,2000
0000012211,137275.0,7.4,The English Patient,1996
0000012210,215449.0,7.2,The Equalizer,2014
0000002211,135392.0,7.6,The Evil Dead,1981
0000001211,274711.0,8.0,The Exorcist,1973
0000122100,260302.0,6.5,The Expendables,2010
0000012101,238805.0,6.7,The Expendables 2,2012
0000122100,119640.0,6.1,The Expendables 3,2014
0000012101,260683.0,6.7,The Fast and the Furious,2001
0000121100,170404.0,6.0,The Fast and the Furious: Tokyo Drift,2006
0000001212,232029.0,7.9,The Fault in Our Stars,2014
0000002211,329946.0,7.6,The Fifth Element,1997
0000002310,265963.0,7.9,The Fighter,2010/I
0000012310,113277.0,7.5,The Fly,1986
0000011211,185440.0,7.3,The Fountain,2006
0000002311,207103.0,7.8,The Fugitive,1993
0000002311,250177.0,7.8,The Game,1997
0000013210,129331.0,7.2,The Ghost Writer,2010
0000012101,166527.0,6.8,The Girl Next Door,2004
0000002321,318078.0,7.8,The Girl with the Dragon Tattoo,2011
0000002211,254707.0,7.6,The Godfather: Part III,1990
0000122100,145374.0,6.1,The Golden Compass,2007
0000001212,170438.0,7.8,The Goonies,1985
0000001321,205886.0,8.0,The Graduate,1967
0000001222,129331.0,8.5,The Great Dictator,1940
0000001322,158133.0,8.3,The Great Escape,1963
0000012211,345654.0,7.3,The Great Gatsby,2013
0000122000,132358.0,5.9,The Green Hornet,2011
0000012100,197428.0,6.8,The Grey,2011
0000121100,110796.0,5.9,The Grudge,2004
0000002311,562703.0,7.8,The Hangover,2009
0000122100,361802.0,6.5,The Hangover Part II,2011
0000122000,211503.0,5.9,The Hangover Part III,2013
0001111000,159137.0,5.0,The Happening,2008
0000001321,156571.0,8.0,The Hateful Eight,2015
0000022100,126131.0,6.6,The Heat,2013/I
0000001321,303909.0,8.1,The Help,2011
0000122100,125255.0,6.4,The Hills Have Eyes,2006
0000012100,150762.0,6.8,The Hitchhiker's Guide to the Galaxy,2005
0000001222,611391.0,7.9,The Hobbit: An Unexpected Journey,2012
0000012211,328583.0,7.5,The Hobbit: The Battle of the Five Armies,2014
0000001221,459237.0,7.9,The Hobbit: The Desolation of Smaug,2013
0000012101,175942.0,6.9,The Holiday,2006
0000012211,676542.0,7.3,The Hunger Games,2012
0000002211,475913.0,7.6,The Hunger Games: Catching Fire,2013
0000012100,277371.0,6.7,The Hunger Games: Mockingjay - Part 1,2014
0000002311,138585.0,7.6,The Hunt for Red October,1990
0000002311,318402.0,7.6,The Hurt Locker,2008
0000013200,184069.0,7.1,The Ides of March,2011
0000002311,283685.0,7.6,The Illusionist,2006
0000012200,123525.0,6.9,The Imaginarium of Doctor Parnassus,2009
0000001321,414895.0,8.1,The Imitation Game,2014
0000013100,311203.0,6.8,The Incredible Hulk,2008
0000001311,454404.0,8.0,The Incredibles,2004
0000001321,129944.0,7.9,The Insider,1999
0000122100,154436.0,6.3,The Internship,2013
0000012102,235852.0,6.6,The Interview,2014/II
0000001312,123114.0,8.0,The Iron Giant,1999
0000013200,257225.0,6.9,The Island,2005
0000013200,277374.0,7.0,The Italian Job,2003
0000012311,128583.0,7.4,The Judge,2014
0000012311,114344.0,7.6,The Jungle Book,1967
0000013201,120137.0,7.2,The Karate Kid,1984
0000122100,114796.0,6.2,The Karate Kid,2010
0000013200,107960.0,7.1,The Kids Are All Right,2010
0000012101,111229.0,6.8,The Lake House,2006
2011110000,115458.0,4.2,The Last Airbender,2010
0000002410,140857.0,7.7,The Last King of Scotland,2006
0000002311,306620.0,7.7,The Last Samurai,2003
0000122100,111348.0,6.4,The Last Stand,2013
0000002211,108882.0,7.8,The Last of the Mohicans,1992
0000121000,137190.0,5.8,The League of Extraordinary Gentlemen,2003
0000001311,234465.0,7.8,The Lego Movie,2014
0000012211,134438.0,7.3,The Life Aquatic with Steve Zissou,2004
0000013310,168627.0,7.3,The Lincoln Lawyer,2011
0000001223,604954.0,8.5,The Lion King,1994
0000012211,160459.0,7.6,The Little Mermaid,1989
0000122100,175195.0,6.5,The Lone Ranger,2013
0000122100,124691.0,6.4,The Longest Yard,2005
0000122100,263285.0,6.5,The Lost World: Jurassic Park,1997
0000012100,120882.0,6.7,The Lovely Bones,2009
0000002310,271026.0,7.7,The Machinist,2004
0000001222,108149.0,8.2,The Maltese Falcon,1941
0000001222,122795.0,8.0,The Man from Earth,2007
0000012310,140335.0,7.3,The Man from U.N.C.L.E.,2015
0000122100,120565.0,6.4,The Man in the Iron Mask,1998/I
0000001321,345073.0,8.1,The Martian,2015
0000013100,254253.0,6.9,The Mask,1994
0000023100,130393.0,6.7,The Mask of Zorro,1998
0000012210,100119.0,7.1,The Master,2012
0000012211,408648.0,7.2,The Matrix Reloaded,2003
0000012100,353296.0,6.7,The Matrix Revolutions,2003
0000013200,288851.0,6.8,The Maze Runner,2014
0000023100,113795.0,6.6,The Mechanic,2011
0000122100,107224.0,6.2,The Men Who Stare at Goats,2009
0000012211,211645.0,7.2,The Mist,2007
0000111101,102596.0,6.0,The Mortal Instruments: City of Bones,2013
0000013200,306116.0,7.0,The Mummy,1999
0000122100,239456.0,6.3,The Mummy Returns,2001
0001221000,112746.0,5.2,The Mummy: Tomb of the Dragon Emperor,2008
0000002311,109936.0,7.6,The Naked Gun: From the Files of Police Squad!,1988
0000013210,104225.0,7.3,The Negotiator,1998
0000013310,142086.0,7.4,The Next Three Days,2010
0000001212,214325.0,8.0,The Nightmare Before Christmas,1993
0000022100,134118.0,6.7,The Ninth Gate,1999
0000001212,380104.0,7.9,The Notebook,2004
0000122100,160396.0,6.4,The Number 23,2007
0000022100,182204.0,6.6,The Other Guys,2010
0000002311,259452.0,7.6,The Others,2001
0000011112,174277.0,7.1,The Passion of the Christ,2004
0000012211,201157.0,7.1,The Patriot,2000
0000122100,129754.0,6.4,The Perfect Storm,2000
0000001222,332829.0,8.0,The Perks of Being a Wallflower,2012
0000012210,179784.0,7.3,The Place Beyond the Pines,2012
0000122100,117258.0,6.6,The Polar Express,2004
0000022100,216403.0,6.7,The Proposal,2009/I
0000122100,119010.0,6.5,The Punisher,2004
0001121000,126457.0,5.6,The Purge,2013/I
0000001321,323458.0,7.9,The Pursuit of Happyness,2006
0000002211,142332.0,7.6,The Raid,2011
0000002310,183634.0,7.6,The Reader,2008
0000023100,110305.0,6.6,The Recruit,2003
0000012210,239254.0,7.1,The Ring,2002
0000012210,171156.0,7.3,The Road,2009/I
0000012211,252494.0,7.4,The Rock,1996
0000001211,201943.0,7.6,The Royal Tenenbaums,2001
0000023100,108713.0,6.6,The Running Man,1987
0000013200,202078.0,7.1,The School of Rock,2003
0000012211,225920.0,7.3,The Secret Life of Walter Mitty,2013
0000000125,1610992.0,9.3,The Shawshank Redemption,1994
0000012211,250569.0,7.4,The Simpsons Movie,2007
0000002311,457613.0,7.8,The Social Network,2010
0000122100,120618.0,6.1,The Sorcerer's Apprentice,2010
0000001212,141603.0,8.0,The Sound of Music,1965
0000123100,144941.0,6.4,The Taking of Pelham 1 2 3,2009
0000012210,132489.0,7.3,The Talented Mr. Ripley,1999
0000013210,291486.0,7.3,The Terminal,2004
0000001321,570947.0,8.1,The Terminator,1984
0000122100,105198.0,6.2,The Texas Chainsaw Massacre,2003
0000002311,239483.0,7.7,The Theory of Everything,2014
0000001211,134954.0,7.6,The Thin Red Line,1998
0000001222,245032.0,8.2,The Thing,1982
0000001222,108819.0,8.3,The Third Man,1949
0000122100,101408.0,5.9,The Time Machine,2002
0000012211,110699.0,7.1,The Time Traveler's Wife,2009
0000122100,169813.0,6.0,The Tourist,2010
0000002310,271064.0,7.6,The Town,2010
0000023100,229036.0,6.8,The Transporter,2002
0000011111,131641.0,6.7,The Tree of Life,2011
0000001321,632504.0,8.1,The Truman Show,1998
1000110001,177251.0,4.9,The Twilight Saga: Breaking Dawn - Part 1,2011
1000111002,179220.0,5.5,The Twilight Saga: Breaking Dawn - Part 2,2012
1000111001,178981.0,4.9,The Twilight Saga: Eclipse,2010
1001110001,214870.0,4.6,The Twilight Saga: New Moon,2009
0000122100,157190.0,6.5,The Ugly Truth,2009
0000001321,211850.0,8.0,The Untouchables,1987
0000112100,188616.0,6.5,The Village,2004
0000012210,113089.0,7.2,The Virgin Suicides,1999
0000012101,138474.0,6.8,The Vow,2012
0000121000,100770.0,5.7,The Watch,2012/I
0000122100,115222.0,6.1,The Waterboy,1998
0000012310,110960.0,7.4,The Way Way Back,2013
0000012100,106529.0,6.8,The Wedding Singer,1998
0000001212,278597.0,8.1,The Wizard of Oz,1939
0000023100,308019.0,6.7,The Wolverine,2013
0000122100,135072.0,6.4,The Woman in Black,2012
0000122100,153262.0,6.4,The World Is Not Enough,1999
0000012200,174444.0,7.0,The World's End,2013
0000001321,246230.0,7.9,The Wrestler,2008
0000012210,241163.0,7.1,There's Something About Mary,1998
0000122100,100520.0,6.2,This Is 40,2012
0000001212,102517.0,8.0,This Is Spinal Tap,1984
0000012100,297397.0,6.7,This Is the End,2013
0000122100,142673.0,6.4,This Means War,2012
0000013200,503532.0,7.0,Thor,2011
0000013201,384737.0,7.1,Thor: The Dark World,2013
0000013210,134734.0,7.2,Three Kings,1999
0000012210,144120.0,7.1,Tinker Tailor Soldier Spy,2011
0000001212,757794.0,7.7,Titanic,1997
0000001222,203562.0,8.4,To Kill a Mockingbird,1962
0000123100,145354.0,6.5,Tomorrow Never Dies,1997
0000122100,110115.0,6.5,Tomorrowland,2015
0000001222,159591.0,8.3,Tonari no Totoro,1988
0000012100,211355.0,6.9,Top Gun,1986
0000012310,231847.0,7.5,Total Recall,1990
0000122100,196132.0,6.3,Total Recall,2012/I
0000132100,106864.0,6.2,Tower Heist,2011
0000002311,366626.0,7.9,Toy Story 2,1999
0000001222,513756.0,8.4,Toy Story 3,2010
0000002311,167136.0,7.6,Traffic,2000
0000002311,294964.0,7.7,Training Day,2001
0000001321,448963.0,8.2,Trainspotting,1996
0000122100,164247.0,6.3,Transcendence,2014/I
0000012211,496452.0,7.1,Transformers,2007
0000111100,230794.0,5.8,Transformers: Age of Extinction,2014
0000112101,315121.0,6.3,Transformers: Dark of the Moon,2011
0000111100,311785.0,6.0,Transformers: Revenge of the Fallen,2009
0000122100,150239.0,6.3,Transporter 2,2005
0000122100,120489.0,6.1,Transporter 3,2008
0000012210,297072.0,7.0,Tropic Thunder,2008
0000012211,365868.0,7.2,Troy,2004
0000002310,232094.0,7.7,True Grit,2010
0000013210,184262.0,7.2,True Lies,1994
0000001321,157926.0,8.0,True Romance,1993
0000002311,121640.0,7.6,Tucker and Dale vs. Evil,2010
0000001321,443566.0,8.1,Twelve Monkeys,1995
1000111001,339069.0,5.2,Twilight,2008/I
0000122100,140216.0,6.3,Twister,1996
0000012210,238723.0,7.2,Unbreakable,2000
0000013201,201193.0,7.0,Underworld,2003
0000122101,112599.0,6.4,Underworld: Awakening,2012
0000012101,150855.0,6.8,Underworld: Evolution,2006
0000022100,115131.0,6.6,Underworld: Rise of the Lycans,2009
0000001221,265189.0,8.3,Unforgiven,1992
0000023200,204766.0,6.9,Unknown,2011/I
0000023100,144818.0,6.8,Unstoppable,2010
0000001222,623998.0,8.3,Up,2009
0000012310,263663.0,7.5,Up in the Air,2009/I
0000013200,177224.0,7.1,Valkyrie,2008
0000122100,187599.0,6.0,Van Helsing,2004
0000012211,201733.0,6.9,Vanilla Sky,2001
0000023100,124822.0,6.6,Vantage Point,2008
0000012210,190912.0,7.2,Vicky Cristina Barcelona,2008
0000001311,183954.0,7.9,Walk the Line,2005
0000013310,115886.0,7.4,Wall Street,1987
0000012100,291172.0,6.7,Wanted,2008
0000012211,112464.0,7.2,War Horse,2011
0000122100,322434.0,6.5,War of the Worlds,2005
0000012201,177922.0,6.9,Warm Bodies,2013
0000001211,368124.0,7.6,Watchmen,2009
0000122100,138790.0,6.1,Waterworld,1995
0000013200,110096.0,7.0,Wayne's World,1992
0000013200,106825.0,7.1,We Bought a Zoo,2011
0000013200,302631.0,7.0,We're the Millers,2013
0000013200,271996.0,7.0,Wedding Crashers,2005
0000122100,136293,6.1,What Happens in Vegas,2008
0000122100,154309,6.4,What Women Want,2000
0000002311,164308,7.8,What's Eating Gilbert Grape,1993
0000002211,143250,7.6,When Harry Met Sally...,1989
0000122100,154835,6.4,White House Down,2013
0000012311,134305,7.7,Who Framed Roger Rabbit,1988
0011211000,126239,4.8,Wild Wild West,1999
0000002211,122681,7.8,Willy Wonka & the Chocolate Factory,1971
0000012210,108685,7.2,Winter's Bone,2010
0000001222,210505,7.9,Wo hu cang long,2000
0000013200,442001,7.0,World War Z,2013
0000121000,147744,5.8,Wrath of the Titans,2012
0000002311,254526,7.8,Wreck-It Ralph,2012
0000013310,427881,7.4,X-Men,2000
0000012100,339482,6.7,X-Men Origins: Wolverine,2009
0000001321,471326,8.0,X-Men: Days of Future Past,2014
0000013100,362720,6.8,X-Men: The Last Stand,2006
0000012311,384897,7.5,X2,2003
0000002311,487506,7.8,X: First Class,2011
0000023100,263263,6.8,Yes Man,2008
0000001221,145659,7.9,Ying xiong,2002
0000001321,154679,8.1,Yip Man,2008
0000111000,151199,5.5,You Don't Mess with the Zohan,2008
0000122100,146043,6.5,You've Got Mail,1998
0000001222,109426,8.0,Young Frankenstein,1974
0000022100,146643,6.6,Zack and Miri Make a Porno,2008
0000012210,209583,7.4,Zero Dark Thirty,2012
0000002311,284647,7.7,Zodiac,2007
0000002311,368619,7.7,Zombieland,2009
0000012100,188055,6.6,Zoolander,2001
0000002311,126144,7.5,[Rec],2007
0000122000,138423,5.8,xXx,2002
0001221000,108764,5.5,Æon Flux,2005
